{"cameraMode":{"drawMode":0,"name":"Shaded","section":"Shading Mode"},"sceneLighting":true,"audioPlay":false,"sceneViewState":{"showFog":true,"showMaterialUpdate":false,"showSkybox":false,"showFlares":true,"showImageEffects":true,"showParticleSystems":true,"showVisualEffectGraphs":true,"m_FxEnabled":false},"in2DMode":false,"pivot":{"x":0.037743762135505679,"y":0.5896182060241699,"z":-0.11102724075317383},"rotation":{"x":-0.0017602001316845418,"y":0.9956058263778687,"z":-0.0916638970375061,"w":-0.019117001444101335},"size":1.6307764053344727,"orthographic":false}